region_id,ocr_text,segment_id,segment_path,source_x,source_y,source_width,source_height
1,SAI CLINIC,1,ml/results/ocr_ml003/medicine_word_segments_p1/region_01/segment_01.png,49,27,60,29
1,SAI CLINIC,2,ml/results/ocr_ml003/medicine_word_segments_p1/region_01/segment_02.png,103,27,95,29
2,Dr. Y. Lavanya,1,ml/results/ocr_ml003/medicine_word_segments_p1/region_02/segment_01.png,229,26,49,19
3,"Near Ambedkar Staue, Miyapur",1,ml/results/ocr_ml003/medicine_word_segments_p1/region_03/segment_01.png,49,48,62,21
3,"Near Ambedkar Staue, Miyapur",2,ml/results/ocr_ml003/medicine_word_segments_p1/region_03/segment_02.png,105,48,59,21
3,"Near Ambedkar Staue, Miyapur",3,ml/results/ocr_ml003/medicine_word_segments_p1/region_03/segment_03.png,158,48,16,21
4,De K. Chanakya Chandra Katar,1,ml/results/ocr_ml003/medicine_word_segments_p1/region_04/segment_01.png,229,49,104,18
5,Hyderabad,1,ml/results/ocr_ml003/medicine_word_segments_p1/region_05/segment_01.png,49,60,49,17
6,Begd No :60237,1,ml/results/ocr_ml003/medicine_word_segments_p1/region_06/segment_01.png,230,64,40,16
6,Begd No :60237,2,ml/results/ocr_ml003/medicine_word_segments_p1/region_06/segment_02.png,264,64,24,16
7,H00S,1,ml/results/ocr_ml003/medicine_word_segments_p1/region_07/segment_01.png,230,60,31,13
8,Tet,1,ml/results/ocr_ml003/medicine_word_segments_p1/region_08/segment_01.png,120,74,44,33
9,Date tnltet 2022,1,ml/results/ocr_ml003/medicine_word_segments_p1/region_09/segment_01.png,237,73,109,38
10,Name,1,ml/results/ocr_ml003/medicine_word_segments_p1/region_10/segment_01.png,50,89,26,20
11,Age / Gonder,1,ml/results/ocr_ml003/medicine_word_segments_p1/region_11/segment_01.png,49,100,55,24
12,to yoe /Mal pmone No.,1,ml/results/ocr_ml003/medicine_word_segments_p1/region_12/segment_01.png,121,92,133,36
13,Address,1,ml/results/ocr_ml003/medicine_word_segments_p1/region_13/segment_01.png,50,117,34,20
14,R,1,ml/results/ocr_ml003/medicine_word_segments_p1/region_14/segment_01.png,52,145,26,42
15,K/e10- Hypestarion stypthyr,1,ml/results/ocr_ml003/medicine_word_segments_p1/region_15/segment_01.png,125,145,51,46
15,K/e10- Hypestarion stypthyr,2,ml/results/ocr_ml003/medicine_word_segments_p1/region_15/segment_02.png,170,145,100,46
15,K/e10- Hypestarion stypthyr,3,ml/results/ocr_ml003/medicine_word_segments_p1/region_15/segment_03.png,264,145,74,46
16,ale -Freve sinw 3 days,1,ml/results/ocr_ml003/medicine_word_segments_p1/region_16/segment_01.png,131,173,44,42
16,ale -Freve sinw 3 days,2,ml/results/ocr_ml003/medicine_word_segments_p1/region_16/segment_02.png,169,173,87,42
16,ale -Freve sinw 3 days,3,ml/results/ocr_ml003/medicine_word_segments_p1/region_16/segment_03.png,250,173,17,42
16,ale -Freve sinw 3 days,4,ml/results/ocr_ml003/medicine_word_segments_p1/region_16/segment_04.png,261,173,36,42
17,2,1,ml/results/ocr_ml003/medicine_word_segments_p1/region_17/segment_01.png,225,205,18,36
18,BP-1250/20,1,ml/results/ocr_ml003/medicine_word_segments_p1/region_18/segment_01.png,61,200,34,57
18,BP-1250/20,2,ml/results/ocr_ml003/medicine_word_segments_p1/region_18/segment_02.png,89,200,48,57
19,Dak Hamle Snydy,1,ml/results/ocr_ml003/medicine_word_segments_p1/region_19/segment_01.png,192,218,135,54
19,Dak Hamle Snydy,2,ml/results/ocr_ml003/medicine_word_segments_p1/region_19/segment_02.png,321,218,35,54
20,PR. 80 bpm,1,ml/results/ocr_ml003/medicine_word_segments_p1/region_20/segment_01.png,61,213,34,67
20,PR. 80 bpm,2,ml/results/ocr_ml003/medicine_word_segments_p1/region_20/segment_02.png,89,213,54,67
21,0y,1,ml/results/ocr_ml003/medicine_word_segments_p1/region_21/segment_01.png,247,256,45,20
22,rab.Arwatsmp -20dy,1,ml/results/ocr_ml003/medicine_word_segments_p1/region_22/segment_01.png,183,254,181,59
23,Dwerligels,1,ml/results/ocr_ml003/medicine_word_segments_p1/region_23/segment_01.png,19,273,80,77
24,0,1,ml/results/ocr_ml003/medicine_word_segments_p1/region_24/segment_01.png,245,293,16,25
24,0,2,ml/results/ocr_ml003/medicine_word_segments_p1/region_24/segment_02.png,255,293,33,25
25,2ahx-3,1,ml/results/ocr_ml003/medicine_word_segments_p1/region_25/segment_01.png,183,295,144,61
25,2ahx-3,2,ml/results/ocr_ml003/medicine_word_segments_p1/region_25/segment_02.png,321,295,13,61
25,2ahx-3,3,ml/results/ocr_ml003/medicine_word_segments_p1/region_25/segment_03.png,328,295,44,61
26,OEP,1,ml/results/ocr_ml003/medicine_word_segments_p1/region_26/segment_01.png,29,319,45,42
27,CVE,1,ml/results/ocr_ml003/medicine_word_segments_p1/region_27/segment_01.png,29,338,49,40
28,Toh Splefot20d,1,ml/results/ocr_ml003/medicine_word_segments_p1/region_28/segment_01.png,188,332,63,62
28,Toh Splefot20d,2,ml/results/ocr_ml003/medicine_word_segments_p1/region_28/segment_02.png,245,332,69,62
28,Toh Splefot20d,3,ml/results/ocr_ml003/medicine_word_segments_p1/region_28/segment_03.png,308,332,26,62
28,Toh Splefot20d,4,ml/results/ocr_ml003/medicine_word_segments_p1/region_28/segment_04.png,328,332,44,62
29,ECG,1,ml/results/ocr_ml003/medicine_word_segments_p1/region_29/segment_01.png,40,352,47,46
30,xー00,1,ml/results/ocr_ml003/medicine_word_segments_p1/region_30/segment_01.png,207,375,17,36
30,xー00,2,ml/results/ocr_ml003/medicine_word_segments_p1/region_30/segment_02.png,218,375,75,36
31,上#,1,ml/results/ocr_ml003/medicine_word_segments_p1/region_31/segment_01.png,229,399,136,94
32,Zgagm,1,ml/results/ocr_ml003/medicine_word_segments_p1/region_32/segment_01.png,93,380,80,95
33,Dengu,1,ml/results/ocr_ml003/medicine_word_segments_p1/region_33/segment_01.png,59,436,68,58
