region_id,ocr_text,ocr_confidence,bbox_width,bbox_height,candidate_score,filter_decision,manual_label,reasons,best_medicine,best_class_id,best_similarity,status,candidate_1,candidate_1_score,candidate_2,candidate_2_score,candidate_3,candidate_3_score,candidate_4,candidate_4_score,candidate_5,candidate_5_score
1,SAI CLINIC,0.9988,151,25,-2,NON_MEDICINE,NON_MEDICINE,reasonable text length; non-medicine keyword; high OCR confidence; moderate medicine-name similarity; strong non-medicine evidence,Baclon,12,0.52,POSSIBLE_CANDIDATE,Baclon,0.52,Azithrocin,0.5158,Atrizin,0.4882,Bicozin,0.4882,Baclofen,0.4601
2,Dr. Y. Lavanya,0.8438,51,15,-7,NON_MEDICINE,NON_MEDICINE,reasonable text length; non-medicine keyword; moderate OCR confidence; weak medicine-name similarity; previous matcher rejected; strong non-medicine evidence,Dancel,20,0.3583,POSSIBLE_CANDIDATE,Dancel,0.3583,Flamyd,0.3583,Renova,0.3583,Lucan-R,0.3513,Disopan,0.3381
3,"Near Ambedkar Staue, Miyapur",0.878,125,17,2,REVIEW,NON_MEDICINE,moderate OCR confidence; weak medicine-name similarity; previous matcher passed; uncertain candidate requires review,M-Kast,45,0.3281,POSSIBLE_CANDIDATE,M-Kast,0.3281,Montair,0.3112,Amodis,0.257,Nexcap,0.257,Fenadin,0.249
4,De K. Chanakya Chandra Katar,0.6878,102,14,-1,NON_MEDICINE,NON_MEDICINE,low OCR confidence; weak medicine-name similarity; insufficient medicine evidence,Napa Extend,55,0.3081,POSSIBLE_CANDIDATE,Napa Extend,0.3081,Lucan-R,0.2832,Dancel,0.2625,Alatrol,0.2541,Fenadin,0.2541
5,Hyderabad,0.9807,49,13,-2,NON_MEDICINE,NON_MEDICINE,reasonable text length; non-medicine keyword; high OCR confidence; moderate medicine-name similarity; strong non-medicine evidence,Bacaid,9,0.4,POSSIBLE_CANDIDATE,Bacaid,0.4,Esoral,0.4,Fenadin,0.375,Ketoral,0.375,Ketotab,0.375
6,Begd No :60237,0.7276,55,12,3,REVIEW,NON_MEDICINE,reasonable text length; moderate OCR confidence; weak medicine-name similarity; previous matcher passed; uncertain candidate requires review,Beklo,14,0.3583,POSSIBLE_CANDIDATE,Beklo,0.3583,Renova,0.3381,Fenadin,0.32,Baclofen,0.3038,Fexo,0.2541
7,H00S,0.571,27,9,-1,NON_MEDICINE,NON_MEDICINE,reasonable text length; low OCR confidence; very weak medicine-name similarity; insufficient medicine evidence,Azyth,8,0.2222,NO_STRONG_MATCH,Azyth,0.2222,Monas,0.2222,Ritch,0.2222,Vifas,0.2222,M-Kast,0.2133
8,Tet,0.951,42,29,4,REVIEW,NON_MEDICINE,reasonable text length; short alphabetic OCR token; high OCR confidence; strong medicine-name similarity; previous matcher passed; uncertain candidate requires review,Telfast,73,0.6,STRONG_CANDIDATE,Telfast,0.6,Aceta,0.5,Metro,0.5,Tamen,0.5,Etizin,0.4444
9,Date tnltet 2022,0.6783,103,34,-9,NON_MEDICINE,NON_MEDICINE,reasonable text length; non-medicine keyword; low OCR confidence; weak medicine-name similarity; previous matcher rejected; strong non-medicine evidence,Dancel,20,0.3855,POSSIBLE_CANDIDATE,Dancel,0.3855,Denixil,0.3677,Montene,0.3677,Napa Extend,0.3185,Aceta,0.3038
10,Name,0.9713,29,16,-3,NON_MEDICINE,NON_MEDICINE,reasonable text length; short alphabetic OCR token; non-medicine keyword; high OCR confidence; strong medicine-name similarity; strong non-medicine evidence,Tamen,72,0.6667,STRONG_CANDIDATE,Tamen,0.6667,Ace,0.5714,Dinafex,0.5455,Canazole,0.5,Napa,0.5
11,Age / Gonder,0.9389,60,20,-2,NON_MEDICINE,NON_MEDICINE,reasonable text length; non-medicine keyword; high OCR confidence; moderate medicine-name similarity; strong non-medicine evidence,Nizoder,59,0.4882,POSSIBLE_CANDIDATE,Nizoder,0.4882,Backtone,0.4601,Tamen,0.4171,Napa Extend,0.405,Amodis,0.39
12,to yoe /Mal pmone No.,0.7569,121,32,4,REVIEW,NON_MEDICINE,reasonable text length; moderate OCR confidence; moderate medicine-name similarity; previous matcher passed; uncertain candidate requires review,Montene,52,0.4266,POSSIBLE_CANDIDATE,Montene,0.4266,Odmon,0.3733,Baclon,0.3566,Lumona,0.3566,Maxpro,0.3566
13,Address,0.9996,38,16,-2,NON_MEDICINE,NON_MEDICINE,reasonable text length; non-medicine keyword; high OCR confidence; moderate medicine-name similarity; strong non-medicine evidence,Amodis,3,0.4615,POSSIBLE_CANDIDATE,Amodis,0.4615,Ace,0.4,Aceta,0.3333,Monas,0.3333,Tamen,0.3333
14,R,0.9998,40,38,-3,REVIEW,NON_MEDICINE,very short text; short alphabetic OCR token; high OCR confidence; weak medicine-name similarity; previous matcher passed; very short text requires review,Metro,48,0.3333,POSSIBLE_CANDIDATE,Metro,0.3333,Ritch,0.3333,Esoral,0.2857,Maxpro,0.2857,Progut,0.2857
15,K/e10- Hypestarion stypthyr,0.5801,219,42,-1,NON_MEDICINE,NON_MEDICINE,low OCR confidence; weak medicine-name similarity; insufficient medicine evidence,Ketocon,38,0.3212,POSSIBLE_CANDIDATE,Ketocon,0.3212,Rivotril,0.3112,Tridosil,0.3112,Azithrocin,0.2929,Metro,0.2747
16,ale -Freve sinw 3 days,0.7537,152,38,0,REVIEW,NON_MEDICINE,reasonable text length; clinical/instruction pattern; moderate OCR confidence; weak medicine-name similarity; uncertain candidate requires review,Metsina,49,0.3929,POSSIBLE_CANDIDATE,Metsina,0.3929,Napa Extend,0.3472,Renova,0.3272,Atrizin,0.3143,Nidazyl,0.3143
17,2,0.8937,25,32,-3,REVIEW,NON_MEDICINE,very short text; moderate OCR confidence; very weak medicine-name similarity; previous matcher passed; very short text requires review,Ace,0,0.0,NO_STRONG_MATCH,Ace,0.0,Aceta,0.0,Alatrol,0.0,Amodis,0.0,Atrizin,0.0
18,BP-1250/20,0.8145,82,53,-12,NON_MEDICINE,NON_MEDICINE,reasonable text length; non-medicine keyword; dosage/measurement pattern; moderate OCR confidence; very weak medicine-name similarity; previous matcher rejected; strong non-medicine evidence,Napa,54,0.1571,NO_STRONG_MATCH,Napa,0.1571,Beklo,0.1456,Opton,0.1456,Napa Extend,0.1429,Bacaid,0.1357
19,Dak Hamle Snydy,0.6638,170,50,1,REVIEW,NON_MEDICINE,reasonable text length; low OCR confidence; moderate medicine-name similarity; uncertain candidate requires review,Tamen,72,0.4267,POSSIBLE_CANDIDATE,Tamen,0.4267,Flamyd,0.405,Baclofen,0.3677,Canazole,0.3677,Odmon,0.32
20,PR. 80 bpm,0.8434,101,61,-14,NON_MEDICINE,NON_MEDICINE,reasonable text length; non-medicine keyword; clinical/instruction pattern; dosage/measurement pattern; moderate OCR confidence; very weak medicine-name similarity; previous matcher rejected; strong non-medicine evidence,Bacmax,13,0.2913,NO_STRONG_MATCH,Bacmax,0.2913,Maxpro,0.2913,Progut,0.2913,Provair,0.2714,Romycin,0.2714
21,0y,0.4737,44,16,-4,REVIEW,NON_MEDICINE,short text; low OCR confidence; very weak medicine-name similarity; very short text requires review,Azyth,8,0.2857,NO_STRONG_MATCH,Azyth,0.2857,Flamyd,0.25,Nidazyl,0.2222,Romycin,0.2222,Ace,0.0
22,rab.Arwatsmp -20dy,0.766,175,55,3,REVIEW,MEDICINE,reasonable text length; moderate OCR confidence; weak medicine-name similarity; previous matcher passed; uncertain candidate requires review,Bacaid,9,0.3329,POSSIBLE_CANDIDATE,Bacaid,0.3329,Napa Extend,0.3063,Flamyd,0.2758,Alatrol,0.2636,Provair,0.2636
23,Dwerligels,0.5683,98,71,2,REVIEW,UNCERTAIN,reasonable text length; low OCR confidence; strong medicine-name similarity; uncertain candidate requires review,Sergel,71,0.625,STRONG_CANDIDATE,Sergel,0.625,Amodis,0.375,Dancel,0.375,Esoral,0.375,Flugal,0.375
24,0,0.3643,46,21,-6,REVIEW,NON_MEDICINE,very short text; low OCR confidence; very weak medicine-name similarity; very short text requires review,Ace,0,0.0,NO_STRONG_MATCH,Ace,0.0,Aceta,0.0,Alatrol,0.0,Amodis,0.0,Atrizin,0.0
25,2ahx-3,0.4899,187,57,0,REVIEW,MEDICINE,reasonable text length; low OCR confidence; weak medicine-name similarity; uncertain candidate requires review,Azyth,8,0.3855,POSSIBLE_CANDIDATE,Azyth,0.3855,Axodin,0.3515,Bacmax,0.3515,Maxima,0.3515,Maxpro,0.3515
26,OEP,0.7826,45,38,2,REVIEW,NON_MEDICINE,reasonable text length; short alphabetic OCR token; moderate OCR confidence; moderate medicine-name similarity; previous matcher passed; uncertain candidate requires review,Opton,62,0.5,POSSIBLE_CANDIDATE,Opton,0.5,Leptic,0.4444,Montex,0.4444,Nexcap,0.4444,Disopan,0.4
27,CVE,0.8831,46,36,3,REVIEW,NON_MEDICINE,reasonable text length; short alphabetic OCR token; moderate OCR confidence; strong medicine-name similarity; previous matcher passed; uncertain candidate requires review,Ace,0,0.6667,STRONG_CANDIDATE,Ace,0.6667,Aceta,0.5,Dancel,0.4444,Backtone,0.3636,Baclofen,0.3636
28,Toh Splefot20d,0.5004,186,58,0,REVIEW,MEDICINE,reasonable text length; low OCR confidence; weak medicine-name similarity; uncertain candidate requires review,Cetisoft,18,0.374,POSSIBLE_CANDIDATE,Cetisoft,0.374,Tridosil,0.374,Leptic,0.3095,Alatrol,0.2943,Ketocon,0.2943
29,ECG,0.9965,53,42,-4,NON_MEDICINE,NON_MEDICINE,reasonable text length; short alphabetic OCR token; non-medicine keyword; high OCR confidence; moderate medicine-name similarity; strong non-medicine evidence,Leptic,42,0.4444,POSSIBLE_CANDIDATE,Leptic,0.4444,Nexcap,0.4444,Sergel,0.4444,Ketocon,0.4,Flexibac,0.3636
30,xー00,0.5109,83,32,-1,NON_MEDICINE,NON_MEDICINE,reasonable text length; low OCR confidence; very weak medicine-name similarity; insufficient medicine evidence,Fexo,30,0.2714,NO_STRONG_MATCH,Fexo,0.2714,Exium,0.2389,Fixal,0.2389,Nexum,0.2389,Axodin,0.2133
31,上#,0.4196,124,86,-4,REVIEW,NON_MEDICINE,short text; low OCR confidence; very weak medicine-name similarity; very short text requires review,Ace,0,0.0,NO_STRONG_MATCH,Ace,0.0,Aceta,0.0,Alatrol,0.0,Amodis,0.0,Atrizin,0.0
32,Zgagm,0.6344,88,87,1,REVIEW,UNCERTAIN,reasonable text length; low OCR confidence; moderate medicine-name similarity; uncertain candidate requires review,Tamen,72,0.4,POSSIBLE_CANDIDATE,Tamen,0.4,Amodis,0.3636,Bacmax,0.3636,Flamyd,0.3636,Flugal,0.3636
33,Dengu,0.9853,62,54,5,MEDICINE_CANDIDATE,NON_MEDICINE,reasonable text length; high OCR confidence; moderate medicine-name similarity; previous matcher passed; strong candidate score,Denixil,21,0.5,POSSIBLE_CANDIDATE,Denixil,0.5,Diflu,0.4,Exium,0.4,Nexum,0.4,Odmon,0.4
