actual_index,actual_medicine,predicted_index,predicted_medicine,confidence,correct
1,Aceta,14,Beklo,0.455084890127182,False
1,Aceta,9,Bacaid,0.42130330204963684,False
1,Aceta,1,Aceta,0.45274314284324646,True
1,Aceta,14,Beklo,0.3979646563529968,False
1,Aceta,1,Aceta,0.6622174978256226,True
1,Aceta,14,Beklo,0.5405510067939758,False
1,Aceta,1,Aceta,0.5975746512413025,True
1,Aceta,1,Aceta,0.5770778656005859,True
1,Aceta,14,Beklo,0.34104523062705994,False
1,Aceta,1,Aceta,0.3362596035003662,True
0,Ace,0,Ace,0.5276413559913635,True
0,Ace,1,Aceta,0.7315983772277832,False
0,Ace,0,Ace,0.40277352929115295,True
0,Ace,1,Aceta,0.36492061614990234,False
0,Ace,0,Ace,0.450022429227829,True
0,Ace,14,Beklo,0.46139076352119446,False
0,Ace,0,Ace,0.6091116070747375,True
0,Ace,0,Ace,0.702179491519928,True
0,Ace,0,Ace,0.3642413914203644,True
0,Ace,71,Sergel,0.5280818343162537,False
2,Alatrol,9,Bacaid,0.42398035526275635,False
2,Alatrol,18,Cetisoft,0.31607308983802795,False
2,Alatrol,9,Bacaid,0.2749624252319336,False
2,Alatrol,9,Bacaid,0.5096730589866638,False
2,Alatrol,14,Beklo,0.34825432300567627,False
2,Alatrol,9,Bacaid,0.6105977296829224,False
2,Alatrol,9,Bacaid,0.5384629368782043,False
2,Alatrol,9,Bacaid,0.316543310880661,False
2,Alatrol,9,Bacaid,0.7270568013191223,False
2,Alatrol,9,Bacaid,0.4018697738647461,False
3,Amodis,1,Aceta,0.43809080123901367,False
3,Amodis,1,Aceta,0.5926213264465332,False
3,Amodis,1,Aceta,0.42199888825416565,False
3,Amodis,1,Aceta,0.4256094694137573,False
3,Amodis,71,Sergel,0.3247256278991699,False
3,Amodis,1,Aceta,0.5388532280921936,False
3,Amodis,1,Aceta,0.5153369903564453,False
3,Amodis,9,Bacaid,0.33247634768486023,False
3,Amodis,1,Aceta,0.4601224958896637,False
3,Amodis,14,Beklo,0.2994801104068756,False
4,Atrizin,37,Flugal,0.1259462833404541,False
4,Atrizin,9,Bacaid,0.18718917667865753,False
4,Atrizin,9,Bacaid,0.3642835021018982,False
4,Atrizin,9,Bacaid,0.3642835021018982,False
4,Atrizin,9,Bacaid,0.29929104447364807,False
4,Atrizin,9,Bacaid,0.5762990713119507,False
4,Atrizin,9,Bacaid,0.4366956353187561,False
4,Atrizin,9,Bacaid,0.37567138671875,False
4,Atrizin,63,Progut,0.1499524861574173,False
4,Atrizin,9,Bacaid,0.2342078685760498,False
5,Axodin,9,Bacaid,0.20994839072227478,False
5,Axodin,9,Bacaid,0.40412893891334534,False
5,Axodin,42,Leptic,0.3721056282520294,False
5,Axodin,9,Bacaid,0.2772887349128723,False
5,Axodin,71,Sergel,0.37598714232444763,False
5,Axodin,73,Telfast,0.2984996736049652,False
5,Axodin,14,Beklo,0.28007790446281433,False
5,Axodin,73,Telfast,0.2572970390319824,False
5,Axodin,9,Bacaid,0.2831498086452484,False
5,Axodin,9,Bacaid,0.2126048356294632,False
7,Azithrocin,18,Cetisoft,0.5798476934432983,False
7,Azithrocin,31,Fexofast,0.5907590985298157,False
7,Azithrocin,31,Fexofast,0.27861708402633667,False
7,Azithrocin,31,Fexofast,0.5390356183052063,False
7,Azithrocin,11,Baclofen,0.32371798157691956,False
7,Azithrocin,75,Trilock,0.18407364189624786,False
7,Azithrocin,35,Flexibac,0.31060317158699036,False
7,Azithrocin,31,Fexofast,0.29365208745002747,False
7,Azithrocin,31,Fexofast,0.6318985819816589,False
7,Azithrocin,16,Canazole,0.32429710030555725,False
8,Azyth,22,Diflu,0.3612026572227478,False
8,Azyth,27,Etizin,0.27056851983070374,False
8,Azyth,42,Leptic,0.41350942850112915,False
8,Azyth,14,Beklo,0.26905882358551025,False
8,Azyth,37,Flugal,0.15895628929138184,False
8,Azyth,14,Beklo,0.6469523310661316,False
8,Azyth,0,Ace,0.6913857460021973,False
8,Azyth,9,Bacaid,0.22689059376716614,False
8,Azyth,14,Beklo,0.3070873022079468,False
8,Azyth,14,Beklo,0.2942896783351898,False
6,Az,6,Az,0.6145687699317932,True
6,Az,0,Ace,0.39193883538246155,False
6,Az,0,Ace,0.535838782787323,False
6,Az,6,Az,0.7424293160438538,True
6,Az,6,Az,0.7476199269294739,True
6,Az,0,Ace,0.45719796419143677,False
6,Az,0,Ace,0.5686872005462646,False
6,Az,0,Ace,0.4522504508495331,False
6,Az,6,Az,0.5182133316993713,True
6,Az,6,Az,0.49885666370391846,True
9,Bacaid,9,Bacaid,0.8536203503608704,True
9,Bacaid,9,Bacaid,0.45354902744293213,True
9,Bacaid,9,Bacaid,0.7815856337547302,True
9,Bacaid,9,Bacaid,0.851353645324707,True
9,Bacaid,9,Bacaid,0.8120708465576172,True
9,Bacaid,9,Bacaid,0.9155089259147644,True
9,Bacaid,9,Bacaid,0.8119165897369385,True
9,Bacaid,9,Bacaid,0.8963437676429749,True
9,Bacaid,9,Bacaid,0.5375683307647705,True
9,Bacaid,9,Bacaid,0.7537307739257812,True
10,Backtone,9,Bacaid,0.4144529104232788,False
10,Backtone,9,Bacaid,0.5548065304756165,False
10,Backtone,9,Bacaid,0.3419302701950073,False
10,Backtone,9,Bacaid,0.9093176126480103,False
10,Backtone,10,Backtone,0.21842198073863983,True
10,Backtone,9,Bacaid,0.41284579038619995,False
10,Backtone,9,Bacaid,0.7302274703979492,False
10,Backtone,9,Bacaid,0.8041408061981201,False
10,Backtone,9,Bacaid,0.8903412222862244,False
10,Backtone,9,Bacaid,0.5548065304756165,False
11,Baclofen,9,Bacaid,0.8365358114242554,False
11,Baclofen,10,Backtone,0.3950370252132416,False
11,Baclofen,9,Bacaid,0.7664856910705566,False
11,Baclofen,9,Bacaid,0.7031501531600952,False
11,Baclofen,11,Baclofen,0.4096228778362274,True
11,Baclofen,9,Bacaid,0.14959244430065155,False
11,Baclofen,9,Bacaid,0.6043491363525391,False
11,Baclofen,10,Backtone,0.255979984998703,False
11,Baclofen,9,Bacaid,0.3414522707462311,False
11,Baclofen,9,Bacaid,0.7945866584777832,False
12,Baclon,9,Bacaid,0.2779870331287384,False
12,Baclon,71,Sergel,0.2638111710548401,False
12,Baclon,71,Sergel,0.6775001287460327,False
12,Baclon,71,Sergel,0.6294512748718262,False
12,Baclon,1,Aceta,0.38231992721557617,False
12,Baclon,12,Baclon,0.295320600271225,True
12,Baclon,71,Sergel,0.6294512748718262,False
12,Baclon,71,Sergel,0.5406659841537476,False
12,Baclon,71,Sergel,0.5661194324493408,False
12,Baclon,1,Aceta,0.32700732350349426,False
13,Bacmax,12,Baclon,0.3162934482097626,False
13,Bacmax,12,Baclon,0.4568997323513031,False
13,Bacmax,1,Aceta,0.5783818960189819,False
13,Bacmax,10,Backtone,0.23302266001701355,False
13,Bacmax,10,Backtone,0.5557407736778259,False
13,Bacmax,12,Baclon,0.3718699812889099,False
13,Bacmax,1,Aceta,0.4996985197067261,False
13,Bacmax,1,Aceta,0.4274141192436218,False
13,Bacmax,1,Aceta,0.32916849851608276,False
13,Bacmax,12,Baclon,0.42334046959877014,False
14,Beklo,1,Aceta,0.6172351837158203,False
14,Beklo,14,Beklo,0.16824689507484436,True
14,Beklo,1,Aceta,0.21740125119686127,False
14,Beklo,0,Ace,0.6988099813461304,False
14,Beklo,14,Beklo,0.4720262587070465,True
14,Beklo,10,Backtone,0.5339652299880981,False
14,Beklo,0,Ace,0.6926344037055969,False
14,Beklo,0,Ace,0.6540480256080627,False
14,Beklo,14,Beklo,0.36557918787002563,True
14,Beklo,14,Beklo,0.4357776343822479,True
15,Bicozin,9,Bacaid,0.324404239654541,False
15,Bicozin,39,Ketoral,0.45749977231025696,False
15,Bicozin,9,Bacaid,0.324404239654541,False
15,Bicozin,71,Sergel,0.25051647424697876,False
15,Bicozin,9,Bacaid,0.507434070110321,False
15,Bicozin,9,Bacaid,0.6547026038169861,False
15,Bicozin,9,Bacaid,0.4324357211589813,False
15,Bicozin,9,Bacaid,0.8297744989395142,False
15,Bicozin,9,Bacaid,0.57016921043396,False
15,Bicozin,9,Bacaid,0.3449237048625946,False
16,Canazole,9,Bacaid,0.47085317969322205,False
16,Canazole,9,Bacaid,0.308560311794281,False
16,Canazole,9,Bacaid,0.3793630599975586,False
16,Canazole,31,Fexofast,0.33232778310775757,False
16,Canazole,71,Sergel,0.20056341588497162,False
16,Canazole,16,Canazole,0.32866933941841125,True
16,Canazole,9,Bacaid,0.5771511197090149,False
16,Canazole,9,Bacaid,0.39340507984161377,False
16,Canazole,9,Bacaid,0.21623367071151733,False
16,Canazole,9,Bacaid,0.49923619627952576,False
17,Candinil,9,Bacaid,0.3497425317764282,False
17,Candinil,9,Bacaid,0.44609183073043823,False
17,Candinil,14,Beklo,0.3900444507598877,False
17,Candinil,9,Bacaid,0.18374349176883698,False
17,Candinil,31,Fexofast,0.3723433017730713,False
17,Candinil,9,Bacaid,0.4674350321292877,False
17,Candinil,9,Bacaid,0.6401646137237549,False
17,Candinil,9,Bacaid,0.35738709568977356,False
17,Candinil,9,Bacaid,0.4066719710826874,False
17,Candinil,9,Bacaid,0.2805730104446411,False
18,Cetisoft,9,Bacaid,0.7559045553207397,False
18,Cetisoft,9,Bacaid,0.2910517454147339,False
18,Cetisoft,9,Bacaid,0.8285407423973083,False
18,Cetisoft,9,Bacaid,0.832481324672699,False
18,Cetisoft,63,Progut,0.22473132610321045,False
18,Cetisoft,9,Bacaid,0.589003324508667,False
18,Cetisoft,9,Bacaid,0.7925902009010315,False
18,Cetisoft,9,Bacaid,0.5497913360595703,False
18,Cetisoft,9,Bacaid,0.4642171561717987,False
18,Cetisoft,9,Bacaid,0.6215581893920898,False
19,Conaz,71,Sergel,0.38840723037719727,False
19,Conaz,71,Sergel,0.40562260150909424,False
19,Conaz,71,Sergel,0.4872870147228241,False
19,Conaz,71,Sergel,0.38169988989830017,False
19,Conaz,19,Conaz,0.4157181978225708,True
19,Conaz,71,Sergel,0.37395453453063965,False
19,Conaz,19,Conaz,0.26406142115592957,True
19,Conaz,71,Sergel,0.4104277491569519,False
19,Conaz,71,Sergel,0.46499744057655334,False
19,Conaz,19,Conaz,0.3541871905326843,True
20,Dancel,40,Ketotab,0.3197430670261383,False
20,Dancel,73,Telfast,0.26102524995803833,False
20,Dancel,20,Dancel,0.13964492082595825,True
20,Dancel,41,Ketozol,0.2966785430908203,False
20,Dancel,71,Sergel,0.4022696614265442,False
20,Dancel,9,Bacaid,0.4920365512371063,False
20,Dancel,14,Beklo,0.33781698346138,False
20,Dancel,19,Conaz,0.16318753361701965,False
20,Dancel,41,Ketozol,0.21799948811531067,False
20,Dancel,9,Bacaid,0.2629310190677643,False
21,Denixil,9,Bacaid,0.4147280156612396,False
21,Denixil,9,Bacaid,0.627181351184845,False
21,Denixil,9,Bacaid,0.4147280156612396,False
21,Denixil,43,Lucan-R,0.3773037791252136,False
21,Denixil,9,Bacaid,0.6006996631622314,False
21,Denixil,9,Bacaid,0.2701757252216339,False
21,Denixil,43,Lucan-R,0.3773037791252136,False
21,Denixil,43,Lucan-R,0.3773037791252136,False
21,Denixil,43,Lucan-R,0.20774930715560913,False
21,Denixil,9,Bacaid,0.39432862401008606,False
22,Diflu,42,Leptic,0.15061607956886292,False
22,Diflu,71,Sergel,0.26413750648498535,False
22,Diflu,42,Leptic,0.15061607956886292,False
22,Diflu,14,Beklo,0.14541324973106384,False
22,Diflu,22,Diflu,0.6493338346481323,True
22,Diflu,14,Beklo,0.22246412932872772,False
22,Diflu,14,Beklo,0.25363871455192566,False
22,Diflu,14,Beklo,0.17105095088481903,False
22,Diflu,63,Progut,0.12831656634807587,False
22,Diflu,14,Beklo,0.20635049045085907,False
23,Dinafex,9,Bacaid,0.5055784583091736,False
23,Dinafex,71,Sergel,0.17906023561954498,False
23,Dinafex,9,Bacaid,0.1529528647661209,False
23,Dinafex,40,Ketotab,0.28038978576660156,False
23,Dinafex,71,Sergel,0.33416855335235596,False
23,Dinafex,9,Bacaid,0.13900363445281982,False
23,Dinafex,9,Bacaid,0.4774555265903473,False
23,Dinafex,9,Bacaid,0.2943754196166992,False
23,Dinafex,9,Bacaid,0.4774555265903473,False
23,Dinafex,9,Bacaid,0.2943754196166992,False
24,Disopan,71,Sergel,0.26643499732017517,False
24,Disopan,71,Sergel,0.5374789237976074,False
24,Disopan,1,Aceta,0.38944506645202637,False
24,Disopan,1,Aceta,0.20428235828876495,False
24,Disopan,71,Sergel,0.31552818417549133,False
24,Disopan,9,Bacaid,0.6137253046035767,False
24,Disopan,9,Bacaid,0.18404267728328705,False
24,Disopan,9,Bacaid,0.2851316034793854,False
24,Disopan,1,Aceta,0.4931153953075409,False
24,Disopan,12,Baclon,0.6361244916915894,False
25,Esonix,71,Sergel,0.32742393016815186,False
25,Esonix,14,Beklo,0.2821822762489319,False
25,Esonix,71,Sergel,0.32094624638557434,False
25,Esonix,71,Sergel,0.17168056964874268,False
25,Esonix,71,Sergel,0.5094085335731506,False
25,Esonix,71,Sergel,0.5475098490715027,False
25,Esonix,63,Progut,0.3010399341583252,False
25,Esonix,38,Ketocon,0.20199331641197205,False
25,Esonix,71,Sergel,0.23017491400241852,False
25,Esonix,71,Sergel,0.2292465716600418,False
26,Esoral,71,Sergel,0.4407593607902527,False
26,Esoral,39,Ketoral,0.3056952655315399,False
26,Esoral,71,Sergel,0.7059667706489563,False
26,Esoral,71,Sergel,0.26695242524147034,False
26,Esoral,70,Rozith,0.1900523155927658,False
26,Esoral,71,Sergel,0.3784635365009308,False
26,Esoral,14,Beklo,0.4000050723552704,False
26,Esoral,14,Beklo,0.40374046564102173,False
26,Esoral,40,Ketotab,0.35115915536880493,False
26,Esoral,71,Sergel,0.394072026014328,False
27,Etizin,67,Ritch,0.34833917021751404,False
27,Etizin,14,Beklo,0.4700317084789276,False
27,Etizin,14,Beklo,0.514254093170166,False
27,Etizin,27,Etizin,0.43970349431037903,True
27,Etizin,27,Etizin,0.43008342385292053,True
27,Etizin,14,Beklo,0.4811495244503021,False
27,Etizin,14,Beklo,0.3285294771194458,False
27,Etizin,14,Beklo,0.45616456866264343,False
27,Etizin,1,Aceta,0.5036815404891968,False
27,Etizin,14,Beklo,0.3996456265449524,False
28,Exium,71,Sergel,0.3132552206516266,False
28,Exium,26,Esoral,0.14423993229866028,False
28,Exium,71,Sergel,0.6396161317825317,False
28,Exium,71,Sergel,0.6309530735015869,False
28,Exium,71,Sergel,0.5432658791542053,False
28,Exium,19,Conaz,0.45926377177238464,False
28,Exium,71,Sergel,0.6309530735015869,False
28,Exium,38,Ketocon,0.2555167078971863,False
28,Exium,63,Progut,0.2415699064731598,False
28,Exium,71,Sergel,0.22484372556209564,False
29,Fenadin,71,Sergel,0.12527550756931305,False
29,Fenadin,30,Fexo,0.5583018660545349,False
29,Fenadin,11,Baclofen,0.6934933066368103,False
29,Fenadin,9,Bacaid,0.8725716471672058,False
29,Fenadin,9,Bacaid,0.6540315747261047,False
29,Fenadin,38,Ketocon,0.2545207440853119,False
29,Fenadin,11,Baclofen,0.6934933066368103,False
29,Fenadin,55,Napa Extend,0.9123756289482117,False
29,Fenadin,30,Fexo,0.2640332281589508,False
29,Fenadin,31,Fexofast,0.2723747789859772,False
31,Fexofast,31,Fexofast,0.6168670058250427,True
31,Fexofast,14,Beklo,0.4174407124519348,False
31,Fexofast,9,Bacaid,0.5690802335739136,False
31,Fexofast,31,Fexofast,0.4530628025531769,True
31,Fexofast,9,Bacaid,0.6869513988494873,False
31,Fexofast,9,Bacaid,0.7639545798301697,False
31,Fexofast,9,Bacaid,0.4781484007835388,False
31,Fexofast,9,Bacaid,0.5464714169502258,False
31,Fexofast,9,Bacaid,0.4567408263683319,False
31,Fexofast,9,Bacaid,0.4820614755153656,False
30,Fexo,71,Sergel,0.43532073497772217,False
30,Fexo,30,Fexo,0.32535675168037415,True
30,Fexo,0,Ace,0.6045551896095276,False
30,Fexo,0,Ace,0.6014890670776367,False
30,Fexo,0,Ace,0.3525775969028473,False
30,Fexo,39,Ketoral,0.35003289580345154,False
30,Fexo,63,Progut,0.17325890064239502,False
30,Fexo,19,Conaz,0.3560248017311096,False
30,Fexo,30,Fexo,0.34687432646751404,True
30,Fexo,0,Ace,0.26631343364715576,False
32,Filmet,27,Etizin,0.15633684396743774,False
32,Filmet,18,Cetisoft,0.2366182655096054,False
32,Filmet,22,Diflu,0.1562315672636032,False
32,Filmet,27,Etizin,0.1337921917438507,False
32,Filmet,22,Diflu,0.4372204542160034,False
32,Filmet,37,Flugal,0.12753786146640778,False
32,Filmet,37,Flugal,0.1448560357093811,False
32,Filmet,9,Bacaid,0.10901771485805511,False
32,Filmet,9,Bacaid,0.5114157199859619,False
32,Filmet,70,Rozith,0.16973474621772766,False
33,Fixal,9,Bacaid,0.23865532875061035,False
33,Fixal,63,Progut,0.2810838222503662,False
33,Fixal,37,Flugal,0.17939630150794983,False
33,Fixal,14,Beklo,0.47550973296165466,False
33,Fixal,67,Ritch,0.34632420539855957,False
33,Fixal,63,Progut,0.17836977541446686,False
33,Fixal,71,Sergel,0.4492146670818329,False
33,Fixal,30,Fexo,0.26407232880592346,False
33,Fixal,31,Fexofast,0.3151015639305115,False
33,Fixal,33,Fixal,0.17302018404006958,True
34,Flamyd,31,Fexofast,0.3365311622619629,False
34,Flamyd,9,Bacaid,0.35472699999809265,False
34,Flamyd,39,Ketoral,0.32273271679878235,False
34,Flamyd,39,Ketoral,0.24193862080574036,False
34,Flamyd,14,Beklo,0.3774394094944,False
34,Flamyd,73,Telfast,0.2805642783641815,False
34,Flamyd,18,Cetisoft,0.20859989523887634,False
34,Flamyd,34,Flamyd,0.23368285596370697,True
34,Flamyd,1,Aceta,0.37973877787590027,False
34,Flamyd,9,Bacaid,0.32436761260032654,False
35,Flexibac,9,Bacaid,0.13718761503696442,False
35,Flexibac,9,Bacaid,0.2883688509464264,False
35,Flexibac,31,Fexofast,0.27543962001800537,False
35,Flexibac,31,Fexofast,0.27543962001800537,False
35,Flexibac,9,Bacaid,0.5858580470085144,False
35,Flexibac,0,Ace,0.26659858226776123,False
35,Flexibac,9,Bacaid,0.30249956250190735,False
35,Flexibac,9,Bacaid,0.3409143388271332,False
35,Flexibac,14,Beklo,0.19279497861862183,False
35,Flexibac,9,Bacaid,0.21477411687374115,False
36,Flexilax,39,Ketoral,0.14191226661205292,False
36,Flexilax,71,Sergel,0.19173288345336914,False
36,Flexilax,39,Ketoral,0.14191226661205292,False
36,Flexilax,40,Ketotab,0.15163104236125946,False
36,Flexilax,36,Flexilax,0.4195442497730255,True
36,Flexilax,14,Beklo,0.23938481509685516,False
36,Flexilax,38,Ketocon,0.1800093650817871,False
36,Flexilax,9,Bacaid,0.39586496353149414,False
36,Flexilax,14,Beklo,0.2434328943490982,False
36,Flexilax,14,Beklo,0.37117648124694824,False
37,Flugal,9,Bacaid,0.4134143590927124,False
37,Flugal,14,Beklo,0.220049649477005,False
37,Flugal,9,Bacaid,0.8692362904548645,False
37,Flugal,9,Bacaid,0.6891680359840393,False
37,Flugal,9,Bacaid,0.32585608959198,False
37,Flugal,14,Beklo,0.5275861620903015,False
37,Flugal,14,Beklo,0.4684591591358185,False
37,Flugal,9,Bacaid,0.6378176808357239,False
37,Flugal,37,Flugal,0.23909001052379608,True
37,Flugal,9,Bacaid,0.37952616810798645,False
38,Ketocon,9,Bacaid,0.2824499011039734,False
38,Ketocon,9,Bacaid,0.4151284992694855,False
38,Ketocon,9,Bacaid,0.2824499011039734,False
38,Ketocon,9,Bacaid,0.4887881577014923,False
38,Ketocon,63,Progut,0.2875421941280365,False
38,Ketocon,9,Bacaid,0.1784297078847885,False
38,Ketocon,9,Bacaid,0.4887881577014923,False
38,Ketocon,9,Bacaid,0.2205803245306015,False
38,Ketocon,9,Bacaid,0.2205803245306015,False
38,Ketocon,9,Bacaid,0.4151284992694855,False
39,Ketoral,9,Bacaid,0.26292991638183594,False
39,Ketoral,9,Bacaid,0.5990700125694275,False
39,Ketoral,9,Bacaid,0.26292991638183594,False
39,Ketoral,40,Ketotab,0.23070184886455536,False
39,Ketoral,39,Ketoral,0.8039698004722595,True
39,Ketoral,9,Bacaid,0.665333092212677,False
39,Ketoral,9,Bacaid,0.48124998807907104,False
39,Ketoral,40,Ketotab,0.28019362688064575,False
39,Ketoral,9,Bacaid,0.5287888050079346,False
39,Ketoral,9,Bacaid,0.34711045026779175,False
40,Ketotab,9,Bacaid,0.44121643900871277,False
40,Ketotab,9,Bacaid,0.6886313557624817,False
40,Ketotab,9,Bacaid,0.5778462290763855,False
40,Ketotab,9,Bacaid,0.8312060832977295,False
40,Ketotab,40,Ketotab,0.5963839888572693,True
40,Ketotab,9,Bacaid,0.690263032913208,False
40,Ketotab,9,Bacaid,0.6325421333312988,False
40,Ketotab,9,Bacaid,0.6910896897315979,False
40,Ketotab,9,Bacaid,0.6330764889717102,False
40,Ketotab,9,Bacaid,0.8345986604690552,False
41,Ketozol,9,Bacaid,0.8610177040100098,False
41,Ketozol,9,Bacaid,0.243524432182312,False
41,Ketozol,9,Bacaid,0.8610177040100098,False
41,Ketozol,9,Bacaid,0.6396501660346985,False
41,Ketozol,41,Ketozol,0.6126096844673157,True
41,Ketozol,9,Bacaid,0.485431969165802,False
41,Ketozol,9,Bacaid,0.4290689527988434,False
41,Ketozol,9,Bacaid,0.6496023535728455,False
41,Ketozol,9,Bacaid,0.2894161343574524,False
41,Ketozol,9,Bacaid,0.33749744296073914,False
42,Leptic,9,Bacaid,0.21418792009353638,False
42,Leptic,14,Beklo,0.33134937286376953,False
42,Leptic,42,Leptic,0.23816484212875366,True
42,Leptic,42,Leptic,0.17461755871772766,True
42,Leptic,40,Ketotab,0.8207557201385498,False
42,Leptic,14,Beklo,0.41824451088905334,False
42,Leptic,42,Leptic,0.178221195936203,True
42,Leptic,42,Leptic,0.13940779864788055,True
42,Leptic,42,Leptic,0.2497880458831787,True
42,Leptic,14,Beklo,0.48622927069664,False
43,Lucan-R,71,Sergel,0.46570947766304016,False
43,Lucan-R,9,Bacaid,0.6584577560424805,False
43,Lucan-R,71,Sergel,0.34429359436035156,False
43,Lucan-R,9,Bacaid,0.23141750693321228,False
43,Lucan-R,71,Sergel,0.29611295461654663,False
43,Lucan-R,71,Sergel,0.33551931381225586,False
43,Lucan-R,71,Sergel,0.581147313117981,False
43,Lucan-R,71,Sergel,0.266721248626709,False
43,Lucan-R,1,Aceta,0.2178109884262085,False
43,Lucan-R,71,Sergel,0.38538673520088196,False
44,Lumona,16,Canazole,0.25851762294769287,False
44,Lumona,40,Ketotab,0.4737240970134735,False
44,Lumona,16,Canazole,0.41985008120536804,False
44,Lumona,16,Canazole,0.41985008120536804,False
44,Lumona,43,Lucan-R,0.2426816076040268,False
44,Lumona,11,Baclofen,0.7536501288414001,False
44,Lumona,71,Sergel,0.2855980694293976,False
44,Lumona,9,Bacaid,0.3389626741409302,False
44,Lumona,43,Lucan-R,0.3781404197216034,False
44,Lumona,43,Lucan-R,0.2803497314453125,False
45,M-Kast,71,Sergel,0.347617506980896,False
45,M-Kast,14,Beklo,0.36900004744529724,False
45,M-Kast,40,Ketotab,0.2897471785545349,False
45,M-Kast,41,Ketozol,0.17459627985954285,False
45,M-Kast,41,Ketozol,0.5075192451477051,False
45,M-Kast,9,Bacaid,0.10553815215826035,False
45,M-Kast,40,Ketotab,0.4489436745643616,False
45,M-Kast,41,Ketozol,0.1733042299747467,False
45,M-Kast,9,Bacaid,0.6933010220527649,False
45,M-Kast,14,Beklo,0.3385620713233948,False
46,Maxima,43,Lucan-R,0.1784498542547226,False
46,Maxima,43,Lucan-R,0.2915116548538208,False
46,Maxima,40,Ketotab,0.44062569737434387,False
46,Maxima,11,Baclofen,0.383239209651947,False
46,Maxima,47,Maxpro,0.1858987659215927,False
46,Maxima,39,Ketoral,0.2557219862937927,False
46,Maxima,11,Baclofen,0.383239209651947,False
46,Maxima,11,Baclofen,0.383239209651947,False
46,Maxima,43,Lucan-R,0.163621187210083,False
46,Maxima,16,Canazole,0.24056407809257507,False
47,Maxpro,9,Bacaid,0.4639717936515808,False
47,Maxpro,71,Sergel,0.3526240289211273,False
47,Maxpro,9,Bacaid,0.556067705154419,False
47,Maxpro,9,Bacaid,0.46395930647850037,False
47,Maxpro,1,Aceta,0.19920621812343597,False
47,Maxpro,35,Flexibac,0.27174779772758484,False
47,Maxpro,71,Sergel,0.22533318400382996,False
47,Maxpro,71,Sergel,0.34047937393188477,False
47,Maxpro,11,Baclofen,0.7939519882202148,False
47,Maxpro,11,Baclofen,0.7939519882202148,False
48,Metro,1,Aceta,0.22846868634223938,False
48,Metro,1,Aceta,0.5955562591552734,False
48,Metro,1,Aceta,0.5447088479995728,False
48,Metro,1,Aceta,0.3634222149848938,False
48,Metro,41,Ketozol,0.33127614855766296,False
48,Metro,1,Aceta,0.6876981258392334,False
48,Metro,1,Aceta,0.5407161712646484,False
48,Metro,1,Aceta,0.43777957558631897,False
48,Metro,1,Aceta,0.6092751622200012,False
48,Metro,1,Aceta,0.5411133766174316,False
49,Metsina,38,Ketocon,0.14098098874092102,False
49,Metsina,9,Bacaid,0.17417222261428833,False
49,Metsina,43,Lucan-R,0.16572903096675873,False
49,Metsina,71,Sergel,0.1715707778930664,False
49,Metsina,38,Ketocon,0.20969586074352264,False
49,Metsina,1,Aceta,0.09569602459669113,False
49,Metsina,38,Ketocon,0.1309403032064438,False
49,Metsina,43,Lucan-R,0.3409562408924103,False
49,Metsina,43,Lucan-R,0.22771139442920685,False
49,Metsina,71,Sergel,0.1905975490808487,False
50,Monas,19,Conaz,0.1550702154636383,False
50,Monas,19,Conaz,0.22518350183963776,False
50,Monas,71,Sergel,0.31464967131614685,False
50,Monas,71,Sergel,0.3330758810043335,False
50,Monas,33,Fixal,0.187364861369133,False
50,Monas,19,Conaz,0.26431578397750854,False
50,Monas,71,Sergel,0.3193061947822571,False
50,Monas,9,Bacaid,0.6492154002189636,False
50,Monas,14,Beklo,0.5051101446151733,False
50,Monas,71,Sergel,0.6177054643630981,False
51,Montair,9,Bacaid,0.3331912159919739,False
51,Montair,16,Canazole,0.2750907242298126,False
51,Montair,11,Baclofen,0.42170003056526184,False
51,Montair,16,Canazole,0.4541792869567871,False
51,Montair,38,Ketocon,0.1301703155040741,False
51,Montair,40,Ketotab,0.21452856063842773,False
51,Montair,9,Bacaid,0.2965274453163147,False
51,Montair,38,Ketocon,0.43292954564094543,False
51,Montair,9,Bacaid,0.29472243785858154,False
51,Montair,9,Bacaid,0.7506817579269409,False
52,Montene,10,Backtone,0.42312145233154297,False
52,Montene,43,Lucan-R,0.2577730119228363,False
52,Montene,10,Backtone,0.17888851463794708,False
52,Montene,12,Baclon,0.20523183047771454,False
52,Montene,9,Bacaid,0.6570022106170654,False
52,Montene,11,Baclofen,0.7604283094406128,False
52,Montene,12,Baclon,0.29781314730644226,False
52,Montene,1,Aceta,0.2979593873023987,False
52,Montene,11,Baclofen,0.4453875422477722,False
52,Montene,43,Lucan-R,0.2102721929550171,False
53,Montex,71,Sergel,0.29614537954330444,False
53,Montex,9,Bacaid,0.7515674233436584,False
53,Montex,71,Sergel,0.3874441683292389,False
53,Montex,40,Ketotab,0.18664923310279846,False
53,Montex,47,Maxpro,0.24334967136383057,False
53,Montex,9,Bacaid,0.52104651927948,False
53,Montex,71,Sergel,0.0922253280878067,False
53,Montex,19,Conaz,0.242336705327034,False
53,Montex,9,Bacaid,0.34108003973960876,False
53,Montex,9,Bacaid,0.4879274070262909,False
55,Napa Extend,11,Baclofen,0.5233287215232849,False
55,Napa Extend,11,Baclofen,0.64041668176651,False
55,Napa Extend,10,Backtone,0.38037627935409546,False
55,Napa Extend,10,Backtone,0.3981289863586426,False
55,Napa Extend,43,Lucan-R,0.354992151260376,False
55,Napa Extend,31,Fexofast,0.7364365458488464,False
55,Napa Extend,9,Bacaid,0.3826400935649872,False
55,Napa Extend,9,Bacaid,0.8089954257011414,False
55,Napa Extend,10,Backtone,0.31922346353530884,False
55,Napa Extend,31,Fexofast,0.7734643220901489,False
54,Napa,71,Sergel,0.5628328919410706,False
54,Napa,9,Bacaid,0.3907812237739563,False
54,Napa,30,Fexo,0.4240875244140625,False
54,Napa,41,Ketozol,0.41761744022369385,False
54,Napa,40,Ketotab,0.26529183983802795,False
54,Napa,9,Bacaid,0.5196101069450378,False
54,Napa,71,Sergel,0.2738432288169861,False
54,Napa,30,Fexo,0.2694860100746155,False
54,Napa,71,Sergel,0.4026980400085449,False
54,Napa,33,Fixal,0.37379342317581177,False
56,Nexcap,1,Aceta,0.357390433549881,False
56,Nexcap,14,Beklo,0.20381607115268707,False
56,Nexcap,1,Aceta,0.357390433549881,False
56,Nexcap,41,Ketozol,0.151192769408226,False
56,Nexcap,41,Ketozol,0.3705800175666809,False
56,Nexcap,38,Ketocon,0.2598331868648529,False
56,Nexcap,71,Sergel,0.26586270332336426,False
56,Nexcap,40,Ketotab,0.2050008922815323,False
56,Nexcap,41,Ketozol,0.12227578461170197,False
56,Nexcap,9,Bacaid,0.21743620932102203,False
57,Nexum,40,Ketotab,0.32114726305007935,False
57,Nexum,36,Flexilax,0.3568743169307709,False
57,Nexum,40,Ketotab,0.26399892568588257,False
57,Nexum,38,Ketocon,0.3160807192325592,False
57,Nexum,40,Ketotab,0.25893092155456543,False
57,Nexum,39,Ketoral,0.5958219766616821,False
57,Nexum,39,Ketoral,0.358042448759079,False
57,Nexum,38,Ketocon,0.37628522515296936,False
57,Nexum,39,Ketoral,0.5529748201370239,False
57,Nexum,39,Ketoral,0.4971065819263458,False
58,Nidazyl,9,Bacaid,0.338817834854126,False
58,Nidazyl,41,Ketozol,0.15197087824344635,False
58,Nidazyl,9,Bacaid,0.34089070558547974,False
58,Nidazyl,9,Bacaid,0.2731116712093353,False
58,Nidazyl,42,Leptic,0.28333476185798645,False
58,Nidazyl,9,Bacaid,0.18950721621513367,False
58,Nidazyl,40,Ketotab,0.3507116436958313,False
58,Nidazyl,18,Cetisoft,0.2100590318441391,False
58,Nidazyl,9,Bacaid,0.20095227658748627,False
58,Nidazyl,9,Bacaid,0.42427995800971985,False
59,Nizoder,71,Sergel,0.12418600916862488,False
59,Nizoder,71,Sergel,0.13802601397037506,False
59,Nizoder,71,Sergel,0.22386687994003296,False
59,Nizoder,1,Aceta,0.18828561902046204,False
59,Nizoder,9,Bacaid,0.672147810459137,False
59,Nizoder,71,Sergel,0.3884173333644867,False
59,Nizoder,9,Bacaid,0.2796538770198822,False
59,Nizoder,63,Progut,0.11753731220960617,False
59,Nizoder,30,Fexo,0.15465274453163147,False
59,Nizoder,63,Progut,0.13765546679496765,False
60,Odmon,1,Aceta,0.2681601643562317,False
60,Odmon,9,Bacaid,0.34608349204063416,False
60,Odmon,71,Sergel,0.16065388917922974,False
60,Odmon,71,Sergel,0.27910947799682617,False
60,Odmon,1,Aceta,0.21089927852153778,False
60,Odmon,9,Bacaid,0.7045965194702148,False
60,Odmon,1,Aceta,0.2836000919342041,False
60,Odmon,1,Aceta,0.3545990586280823,False
60,Odmon,71,Sergel,0.27542030811309814,False
60,Odmon,19,Conaz,0.0805867537856102,False
61,Omastin,11,Baclofen,0.310996949672699,False
61,Omastin,43,Lucan-R,0.3021743893623352,False
61,Omastin,43,Lucan-R,0.5665237307548523,False
61,Omastin,43,Lucan-R,0.5665237307548523,False
61,Omastin,71,Sergel,0.4008903205394745,False
61,Omastin,37,Flugal,0.21480834484100342,False
61,Omastin,16,Canazole,0.22266815602779388,False
61,Omastin,31,Fexofast,0.2871720492839813,False
61,Omastin,31,Fexofast,0.2672789692878723,False
61,Omastin,31,Fexofast,0.2939434349536896,False
62,Opton,14,Beklo,0.2729819715023041,False
62,Opton,22,Diflu,0.38088640570640564,False
62,Opton,1,Aceta,0.16891081631183624,False
62,Opton,41,Ketozol,0.11132333427667618,False
62,Opton,1,Aceta,0.25277402997016907,False
62,Opton,63,Progut,0.21284067630767822,False
62,Opton,41,Ketozol,0.11132333427667618,False
62,Opton,30,Fexo,0.3876042068004608,False
62,Opton,14,Beklo,0.20381607115268707,False
62,Opton,38,Ketocon,0.3556343615055084,False
63,Progut,9,Bacaid,0.5005373954772949,False
63,Progut,14,Beklo,0.19904060661792755,False
63,Progut,9,Bacaid,0.5005373954772949,False
63,Progut,71,Sergel,0.42085614800453186,False
63,Progut,27,Etizin,0.25613635778427124,False
63,Progut,9,Bacaid,0.24605250358581543,False
63,Progut,71,Sergel,0.42085614800453186,False
63,Progut,14,Beklo,0.24536003172397614,False
63,Progut,14,Beklo,0.24536003172397614,False
63,Progut,14,Beklo,0.19904060661792755,False
64,Provair,40,Ketotab,0.2618042230606079,False
64,Provair,40,Ketotab,0.33718013763427734,False
64,Provair,9,Bacaid,0.19471295177936554,False
64,Provair,63,Progut,0.10371830314397812,False
64,Provair,9,Bacaid,0.3749981224536896,False
64,Provair,9,Bacaid,0.6023526787757874,False
64,Provair,9,Bacaid,0.14694803953170776,False
64,Provair,9,Bacaid,0.27776411175727844,False
64,Provair,38,Ketocon,0.16522762179374695,False
64,Provair,9,Bacaid,0.5837164521217346,False
65,Renova,39,Ketoral,0.8510212898254395,False
65,Renova,1,Aceta,0.2589329481124878,False
65,Renova,18,Cetisoft,0.27672237157821655,False
65,Renova,38,Ketocon,0.32058554887771606,False
65,Renova,71,Sergel,0.7825375199317932,False
65,Renova,71,Sergel,0.33746346831321716,False
65,Renova,14,Beklo,0.34558719396591187,False
65,Renova,71,Sergel,0.5360912084579468,False
65,Renova,43,Lucan-R,0.41882556676864624,False
65,Renova,9,Bacaid,0.19269511103630066,False
66,Rhinil,14,Beklo,0.3997238576412201,False
66,Rhinil,67,Ritch,0.1588672697544098,False
66,Rhinil,27,Etizin,0.214467391371727,False
66,Rhinil,14,Beklo,0.29338929057121277,False
66,Rhinil,14,Beklo,0.13050679862499237,False
66,Rhinil,14,Beklo,0.21095503866672516,False
66,Rhinil,27,Etizin,0.4173794686794281,False
66,Rhinil,27,Etizin,0.18906553089618683,False
66,Rhinil,9,Bacaid,0.42804405093193054,False
66,Rhinil,67,Ritch,0.22474552690982819,False
67,Ritch,71,Sergel,0.23623716831207275,False
67,Ritch,22,Diflu,0.3195360004901886,False
67,Ritch,71,Sergel,0.24707408249378204,False
67,Ritch,71,Sergel,0.43710067868232727,False
67,Ritch,27,Etizin,0.349608838558197,False
67,Ritch,14,Beklo,0.41373810172080994,False
67,Ritch,18,Cetisoft,0.1587008386850357,False
67,Ritch,37,Flugal,0.1659219115972519,False
67,Ritch,9,Bacaid,0.2590412497520447,False
67,Ritch,0,Ace,0.15873479843139648,False
68,Rivotril,9,Bacaid,0.483494371175766,False
68,Rivotril,14,Beklo,0.3981739580631256,False
68,Rivotril,9,Bacaid,0.6017739772796631,False
68,Rivotril,9,Bacaid,0.6478577852249146,False
68,Rivotril,33,Fixal,0.5097717642784119,False
68,Rivotril,40,Ketotab,0.3349842131137848,False
68,Rivotril,9,Bacaid,0.48365873098373413,False
68,Rivotril,9,Bacaid,0.7416982650756836,False
68,Rivotril,9,Bacaid,0.8372464179992676,False
68,Rivotril,9,Bacaid,0.6502928733825684,False
69,Romycin,9,Bacaid,0.2198099046945572,False
69,Romycin,38,Ketocon,0.1240597516298294,False
69,Romycin,43,Lucan-R,0.6805513501167297,False
69,Romycin,16,Canazole,0.21069087088108063,False
69,Romycin,35,Flexibac,0.301525741815567,False
69,Romycin,71,Sergel,0.17395853996276855,False
69,Romycin,71,Sergel,0.21209488809108734,False
69,Romycin,43,Lucan-R,0.2984198331832886,False
69,Romycin,43,Lucan-R,0.7629013657569885,False
69,Romycin,43,Lucan-R,0.3890615701675415,False
70,Rozith,71,Sergel,0.2831255793571472,False
70,Rozith,9,Bacaid,0.3552534878253937,False
70,Rozith,9,Bacaid,0.13665460050106049,False
70,Rozith,14,Beklo,0.14599668979644775,False
70,Rozith,70,Rozith,0.3369864523410797,True
70,Rozith,67,Ritch,0.29475224018096924,False
70,Rozith,71,Sergel,0.4612807333469391,False
70,Rozith,1,Aceta,0.14886599779129028,False
70,Rozith,71,Sergel,0.2824113667011261,False
70,Rozith,71,Sergel,0.3168538808822632,False
71,Sergel,14,Beklo,0.4364703893661499,False
71,Sergel,16,Canazole,0.3456393778324127,False
71,Sergel,40,Ketotab,0.2957986295223236,False
71,Sergel,71,Sergel,0.4684666395187378,True
71,Sergel,14,Beklo,0.4931006133556366,False
71,Sergel,71,Sergel,0.30903059244155884,True
71,Sergel,63,Progut,0.1977701634168625,False
71,Sergel,71,Sergel,0.4072664976119995,True
71,Sergel,14,Beklo,0.3781123161315918,False
71,Sergel,14,Beklo,0.4364703893661499,False
72,Tamen,1,Aceta,0.3597773611545563,False
72,Tamen,1,Aceta,0.41740381717681885,False
72,Tamen,71,Sergel,0.26872265338897705,False
72,Tamen,71,Sergel,0.29707276821136475,False
72,Tamen,41,Ketozol,0.6265609860420227,False
72,Tamen,1,Aceta,0.10509827733039856,False
72,Tamen,12,Baclon,0.14485368132591248,False
72,Tamen,71,Sergel,0.2801981568336487,False
72,Tamen,71,Sergel,0.2885487675666809,False
72,Tamen,62,Opton,0.19327501952648163,False
73,Telfast,9,Bacaid,0.7762693762779236,False
73,Telfast,18,Cetisoft,0.27501949667930603,False
73,Telfast,9,Bacaid,0.5925273299217224,False
73,Telfast,9,Bacaid,0.4159720838069916,False
73,Telfast,9,Bacaid,0.21546705067157745,False
73,Telfast,9,Bacaid,0.20029817521572113,False
73,Telfast,9,Bacaid,0.30697906017303467,False
73,Telfast,9,Bacaid,0.5439739227294922,False
73,Telfast,9,Bacaid,0.5163527727127075,False
73,Telfast,18,Cetisoft,0.20270654559135437,False
74,Tridosil,9,Bacaid,0.3782011866569519,False
74,Tridosil,9,Bacaid,0.38416117429733276,False
74,Tridosil,9,Bacaid,0.578896164894104,False
74,Tridosil,18,Cetisoft,0.43897202610969543,False
74,Tridosil,9,Bacaid,0.34281492233276367,False
74,Tridosil,18,Cetisoft,0.5123363137245178,False
74,Tridosil,18,Cetisoft,0.3562558889389038,False
74,Tridosil,9,Bacaid,0.28097376227378845,False
74,Tridosil,9,Bacaid,0.3464403748512268,False
74,Tridosil,9,Bacaid,0.7305353283882141,False
75,Trilock,9,Bacaid,0.33685463666915894,False
75,Trilock,14,Beklo,0.2860333323478699,False
75,Trilock,9,Bacaid,0.6653627157211304,False
75,Trilock,9,Bacaid,0.4440639019012451,False
75,Trilock,9,Bacaid,0.40749573707580566,False
75,Trilock,9,Bacaid,0.5706495642662048,False
75,Trilock,9,Bacaid,0.28237220644950867,False
75,Trilock,9,Bacaid,0.7723709344863892,False
75,Trilock,9,Bacaid,0.49666720628738403,False
75,Trilock,27,Etizin,0.17604562640190125,False
76,Vifas,30,Fexo,0.17968811094760895,False
76,Vifas,22,Diflu,0.19120952486991882,False
76,Vifas,67,Ritch,0.13916374742984772,False
76,Vifas,14,Beklo,0.2089875489473343,False
76,Vifas,63,Progut,0.2020890861749649,False
76,Vifas,63,Progut,0.212627574801445,False
76,Vifas,22,Diflu,0.32631832361221313,False
76,Vifas,30,Fexo,0.1479427069425583,False
76,Vifas,63,Progut,0.18953920900821686,False
76,Vifas,22,Diflu,0.5750947594642639,False
77,Zithrin,9,Bacaid,0.3413791060447693,False
77,Zithrin,14,Beklo,0.27597588300704956,False
77,Zithrin,14,Beklo,0.4597145915031433,False
77,Zithrin,9,Bacaid,0.2982294261455536,False
77,Zithrin,41,Ketozol,0.5016950368881226,False
77,Zithrin,9,Bacaid,0.2785021960735321,False
77,Zithrin,9,Bacaid,0.44465523958206177,False
77,Zithrin,9,Bacaid,0.15155334770679474,False
77,Zithrin,14,Beklo,0.37736886739730835,False
77,Zithrin,14,Beklo,0.33572661876678467,False
